language,passed,total,pass_rate
cpp,93,186,50.0
csharp,144,199,72.4
dart,113,200,56.5
elixir,173,198,87.4
go,82,191,42.9
java,96,188,51.1
javascript,79,184,42.9
julia,114,200,57.0
kotlin,153,200,76.5
perl,89,200,44.5
php,71,199,35.7
python,86,196,43.9
r,108,198,54.5
racket,100,196,51.0
ruby,126,200,63.0
rust,80,199,40.2
scala,101,199,50.8
shell,95,188,50.5
swift,87,200,43.5
typescript,98,199,49.2
overall,2088,3920,53.3
